Source,Target,Type,Id,Label,timeset,Weight
3,25,Undirected,1572,,"<[1910.0, 1919.0]; [2020.0, 2025.0]>",2
25,42,Undirected,1573,,"<[1910.0, 1919.0]; [1990.0, 1999.0]; [2000.0, 2009.0]; [2010.0, 2019.0]; [2020.0, 2025.0]>",5
4,16,Undirected,1574,,"<[1930.0, 1939.0]; [1950.0, 1959.0]; [1960.0, 1969.0]; [2010.0, 2019.0]>",4
28,42,Undirected,1575,,"<[1930.0, 1939.0]; [1950.0, 1959.0]; [1960.0, 1969.0]; [1970.0, 1979.0]; [1980.0, 1989.0]; [1990.0, 1999.0]; [2000.0, 2009.0]; [2010.0, 2019.0]; [2020.0, 2025.0]>",9
16,21,Undirected,1581,,"<[1980.0, 1989.0]>",1
16,28,Undirected,1582,,"<[1980.0, 1989.0]; [2010.0, 2019.0]; [2020.0, 2025.0]>",3
16,37,Undirected,1583,,"<[1980.0, 1989.0]>",1
16,42,Undirected,1584,,"<[1980.0, 1989.0]; [1990.0, 1999.0]; [2010.0, 2019.0]; [2020.0, 2025.0]>",4
21,42,Undirected,1585,,"<[1980.0, 1989.0]; [1990.0, 1999.0]>",2
25,28,Undirected,1586,,"<[1980.0, 1989.0]; [2000.0, 2009.0]; [2010.0, 2019.0]; [2020.0, 2025.0]>",4
28,37,Undirected,1587,,"<[1980.0, 1989.0]>",1
14,42,Undirected,1589,,"<[1990.0, 1999.0]; [2020.0, 2025.0]>",2
15,28,Undirected,1590,,"<[1990.0, 1999.0]; [2000.0, 2009.0]; [2010.0, 2019.0]>",3
17,22,Undirected,1592,,"<[1990.0, 1999.0]; [2010.0, 2019.0]; [2020.0, 2025.0]>",3
21,28,Undirected,1593,,"<[1990.0, 1999.0]>",1
25,33,Undirected,1595,,"<[1990.0, 1999.0]; [2020.0, 2025.0]>",2
33,42,Undirected,1598,,"<[1990.0, 1999.0]; [2010.0, 2019.0]; [2020.0, 2025.0]>",3
3,6,Undirected,1599,,"<[2000.0, 2009.0]; [2020.0, 2025.0]>",2
3,17,Undirected,1600,,"<[2000.0, 2009.0]; [2020.0, 2025.0]>",2
3,18,Undirected,1601,,"<[2000.0, 2009.0]; [2020.0, 2025.0]>",2
3,28,Undirected,1602,,"<[2000.0, 2009.0]; [2020.0, 2025.0]>",2
3,36,Undirected,1603,,"<[2000.0, 2009.0]; [2020.0, 2025.0]>",2
3,41,Undirected,1604,,"<[2000.0, 2009.0]; [2020.0, 2025.0]>",2
3,46,Undirected,1605,,"<[2000.0, 2009.0]; [2020.0, 2025.0]>",2
3,42,Undirected,1606,,"<[2000.0, 2009.0]; [2020.0, 2025.0]>",2
6,17,Undirected,1607,,"<[2000.0, 2009.0]; [2010.0, 2019.0]; [2020.0, 2025.0]>",3
6,18,Undirected,1608,,"<[2000.0, 2009.0]>",1
6,28,Undirected,1609,,"<[2000.0, 2009.0]; [2010.0, 2019.0]>",2
6,36,Undirected,1610,,"<[2000.0, 2009.0]>",1
6,41,Undirected,1611,,"<[2000.0, 2009.0]; [2020.0, 2025.0]>",2
6,46,Undirected,1612,,"<[2000.0, 2009.0]; [2020.0, 2025.0]>",2
6,42,Undirected,1613,,"<[2000.0, 2009.0]; [2020.0, 2025.0]>",2
8,28,Undirected,1614,,"<[2000.0, 2009.0]; [2020.0, 2025.0]>",2
12,15,Undirected,1615,,"<[2000.0, 2009.0]; [2020.0, 2025.0]>",2
15,27,Undirected,1616,,"<[2000.0, 2009.0]>",1
15,46,Undirected,1618,,"<[2000.0, 2009.0]; [2020.0, 2025.0]>",2
15,42,Undirected,1619,,"<[2000.0, 2009.0]; [2010.0, 2019.0]; [2020.0, 2025.0]>",3
17,18,Undirected,1620,,"<[2000.0, 2009.0]; [2020.0, 2025.0]>",2
17,28,Undirected,1621,,"<[2000.0, 2009.0]; [2010.0, 2019.0]; [2020.0, 2025.0]>",3
17,36,Undirected,1622,,"<[2000.0, 2009.0]; [2010.0, 2019.0]>",2
17,41,Undirected,1623,,"<[2000.0, 2009.0]; [2020.0, 2025.0]>",2
17,46,Undirected,1624,,"<[2000.0, 2009.0]; [2010.0, 2019.0]; [2020.0, 2025.0]>",3
17,42,Undirected,1625,,"<[2000.0, 2009.0]; [2010.0, 2019.0]; [2020.0, 2025.0]>",3
18,28,Undirected,1626,,"<[2000.0, 2009.0]; [2020.0, 2025.0]>",2
18,36,Undirected,1627,,"<[2000.0, 2009.0]>",1
18,41,Undirected,1628,,"<[2000.0, 2009.0]; [2020.0, 2025.0]>",2
18,46,Undirected,1629,,"<[2000.0, 2009.0]>",1
18,42,Undirected,1630,,"<[2000.0, 2009.0]; [2020.0, 2025.0]>",2
22,28,Undirected,1631,,"<[2000.0, 2009.0]; [2010.0, 2019.0]>",2
27,42,Undirected,1634,,"<[2000.0, 2009.0]; [2010.0, 2019.0]; [2020.0, 2025.0]>",3
28,36,Undirected,1635,,"<[2000.0, 2009.0]; [2010.0, 2019.0]>",2
28,38,Undirected,1636,,"<[2000.0, 2009.0]; [2010.0, 2019.0]>",2
28,41,Undirected,1637,,"<[2000.0, 2009.0]; [2020.0, 2025.0]>",2
28,46,Undirected,1638,,"<[2000.0, 2009.0]>",1
36,41,Undirected,1640,,"<[2000.0, 2009.0]>",1
36,46,Undirected,1641,,"<[2000.0, 2009.0]>",1
36,42,Undirected,1642,,"<[2000.0, 2009.0]; [2020.0, 2025.0]>",2
41,46,Undirected,1643,,"<[2000.0, 2009.0]; [2020.0, 2025.0]>",2
41,42,Undirected,1644,,"<[2000.0, 2009.0]; [2020.0, 2025.0]>",2
42,46,Undirected,1645,,"<[2000.0, 2009.0]; [2010.0, 2019.0]; [2020.0, 2025.0]>",3
2,4,Undirected,1646,,"<[2010.0, 2019.0]>",1
2,16,Undirected,1647,,"<[2010.0, 2019.0]>",1
2,17,Undirected,1648,,"<[2010.0, 2019.0]; [2020.0, 2025.0]>",2
2,22,Undirected,1649,,"<[2010.0, 2019.0]; [2020.0, 2025.0]>",2
2,27,Undirected,1650,,"<[2010.0, 2019.0]>",1
2,28,Undirected,1651,,"<[2010.0, 2019.0]>",1
2,33,Undirected,1652,,"<[2010.0, 2019.0]; [2020.0, 2025.0]>",2
2,40,Undirected,1653,,"<[2010.0, 2019.0]>",1
2,45,Undirected,1654,,"<[2010.0, 2019.0]>",1
4,17,Undirected,1656,,"<[2010.0, 2019.0]>",1
4,22,Undirected,1657,,"<[2010.0, 2019.0]>",1
4,27,Undirected,1658,,"<[2010.0, 2019.0]>",1
4,28,Undirected,1659,,"<[2010.0, 2019.0]>",1
4,33,Undirected,1660,,"<[2010.0, 2019.0]>",1
4,40,Undirected,1661,,"<[2010.0, 2019.0]>",1
4,45,Undirected,1662,,"<[2010.0, 2019.0]>",1
6,25,Undirected,1664,,"<[2010.0, 2019.0]>",1
7,46,Undirected,1666,,"<[2010.0, 2019.0]; [2020.0, 2025.0]>",2
7,42,Undirected,1667,,"<[2010.0, 2019.0]; [2020.0, 2025.0]>",2
9,11,Undirected,1668,,"<[2010.0, 2019.0]>",1
9,20,Undirected,1669,,"<[2010.0, 2019.0]>",1
9,29,Undirected,1670,,"<[2010.0, 2019.0]; [2020.0, 2025.0]>",2
9,46,Undirected,1671,,"<[2010.0, 2019.0]>",1
9,42,Undirected,1672,,"<[2010.0, 2019.0]; [2020.0, 2025.0]>",2
10,17,Undirected,1673,,"<[2010.0, 2019.0]; [2020.0, 2025.0]>",2
10,25,Undirected,1674,,"<[2010.0, 2019.0]; [2020.0, 2025.0]>",2
10,33,Undirected,1675,,"<[2010.0, 2019.0]; [2020.0, 2025.0]>",2
10,42,Undirected,1676,,"<[2010.0, 2019.0]; [2020.0, 2025.0]>",2
11,20,Undirected,1677,,"<[2010.0, 2019.0]>",1
11,29,Undirected,1678,,"<[2010.0, 2019.0]>",1
11,46,Undirected,1679,,"<[2010.0, 2019.0]; [2020.0, 2025.0]>",2
11,42,Undirected,1680,,"<[2010.0, 2019.0]; [2020.0, 2025.0]>",2
16,17,Undirected,1683,,"<[2010.0, 2019.0]>",1
16,22,Undirected,1684,,"<[2010.0, 2019.0]>",1
16,27,Undirected,1685,,"<[2010.0, 2019.0]; [2020.0, 2025.0]>",2
16,33,Undirected,1687,,"<[2010.0, 2019.0]>",1
16,40,Undirected,1688,,"<[2010.0, 2019.0]>",1
16,45,Undirected,1690,,"<[2010.0, 2019.0]>",1
17,25,Undirected,1692,,"<[2010.0, 2019.0]; [2020.0, 2025.0]>",2
17,27,Undirected,1693,,"<[2010.0, 2019.0]; [2020.0, 2025.0]>",2
17,33,Undirected,1695,,"<[2010.0, 2019.0]; [2020.0, 2025.0]>",2
17,40,Undirected,1697,,"<[2010.0, 2019.0]>",1
17,45,Undirected,1700,,"<[2010.0, 2019.0]; [2020.0, 2025.0]>",2
20,20,Undirected,1701,,"<[2010.0, 2019.0]>",1
20,25,Undirected,1702,,"<[2010.0, 2019.0]; [2020.0, 2025.0]>",2
20,29,Undirected,1703,,"<[2010.0, 2019.0]>",1
20,41,Undirected,1704,,"<[2010.0, 2019.0]; [2020.0, 2025.0]>",2
20,46,Undirected,1705,,"<[2010.0, 2019.0]>",1
20,42,Undirected,1706,,"<[2010.0, 2019.0]; [2020.0, 2025.0]>",2
22,27,Undirected,1707,,"<[2010.0, 2019.0]; [2020.0, 2025.0]>",2
22,33,Undirected,1709,,"<[2010.0, 2019.0]; [2020.0, 2025.0]>",2
22,40,Undirected,1710,,"<[2010.0, 2019.0]>",1
22,45,Undirected,1711,,"<[2010.0, 2019.0]>",1
25,27,Undirected,1712,,"<[2010.0, 2019.0]; [2020.0, 2025.0]>",2
25,41,Undirected,1714,,"<[2010.0, 2019.0]; [2020.0, 2025.0]>",2
27,28,Undirected,1716,,"<[2010.0, 2019.0]; [2020.0, 2025.0]>",2
27,33,Undirected,1717,,"<[2010.0, 2019.0]>",1
27,40,Undirected,1718,,"<[2010.0, 2019.0]>",1
27,45,Undirected,1720,,"<[2010.0, 2019.0]>",1
28,33,Undirected,1721,,"<[2010.0, 2019.0]; [2020.0, 2025.0]>",2
28,40,Undirected,1724,,"<[2010.0, 2019.0]>",1
28,43,Undirected,1726,,"<[2010.0, 2019.0]; [2020.0, 2025.0]>",2
28,44,Undirected,1727,,"<[2010.0, 2019.0]; [2020.0, 2025.0]>",2
28,45,Undirected,1728,,"<[2010.0, 2019.0]; [2020.0, 2025.0]>",2
29,46,Undirected,1729,,"<[2010.0, 2019.0]; [2020.0, 2025.0]>",2
29,42,Undirected,1730,,"<[2010.0, 2019.0]; [2020.0, 2025.0]>",2
31,42,Undirected,1731,,"<[2010.0, 2019.0]>",1
33,40,Undirected,1732,,"<[2010.0, 2019.0]>",1
33,45,Undirected,1734,,"<[2010.0, 2019.0]; [2020.0, 2025.0]>",2
40,45,Undirected,1735,,"<[2010.0, 2019.0]>",1
1,3,Undirected,1737,,"<[2020.0, 2025.0]>",1
1,5,Undirected,1738,,"<[2020.0, 2025.0]>",1
1,9,Undirected,1739,,"<[2020.0, 2025.0]>",1
1,10,Undirected,1740,,"<[2020.0, 2025.0]>",1
1,12,Undirected,1741,,"<[2020.0, 2025.0]>",1
1,13,Undirected,1742,,"<[2020.0, 2025.0]>",1
1,17,Undirected,1743,,"<[2020.0, 2025.0]>",1
1,18,Undirected,1744,,"<[2020.0, 2025.0]>",1
1,25,Undirected,1745,,"<[2020.0, 2025.0]>",1
1,27,Undirected,1746,,"<[2020.0, 2025.0]>",1
1,28,Undirected,1747,,"<[2020.0, 2025.0]>",1
1,29,Undirected,1748,,"<[2020.0, 2025.0]>",1
1,32,Undirected,1749,,"<[2020.0, 2025.0]>",1
1,41,Undirected,1750,,"<[2020.0, 2025.0]>",1
1,42,Undirected,1751,,"<[2020.0, 2025.0]>",1
2,3,Undirected,1752,,"<[2020.0, 2025.0]>",1
2,6,Undirected,1753,,"<[2020.0, 2025.0]>",1
2,7,Undirected,1754,,"<[2020.0, 2025.0]>",1
2,8,Undirected,1755,,"<[2020.0, 2025.0]>",1
2,10,Undirected,1756,,"<[2020.0, 2025.0]>",1
2,12,Undirected,1757,,"<[2020.0, 2025.0]>",1
2,14,Undirected,1758,,"<[2020.0, 2025.0]>",1
2,15,Undirected,1759,,"<[2020.0, 2025.0]>",1
2,19,Undirected,1761,,"<[2020.0, 2025.0]>",1
2,25,Undirected,1763,,"<[2020.0, 2025.0]>",1
2,26,Undirected,1764,,"<[2020.0, 2025.0]>",1
2,29,Undirected,1765,,"<[2020.0, 2025.0]>",1
2,34,Undirected,1767,,"<[2020.0, 2025.0]>",1
2,35,Undirected,1768,,"<[2020.0, 2025.0]>",1
2,39,Undirected,1769,,"<[2020.0, 2025.0]>",1
2,41,Undirected,1770,,"<[2020.0, 2025.0]>",1
2,46,Undirected,1771,,"<[2020.0, 2025.0]>",1
2,42,Undirected,1772,,"<[2020.0, 2025.0]>",1
3,5,Undirected,1773,,"<[2020.0, 2025.0]>",1
3,7,Undirected,1775,,"<[2020.0, 2025.0]>",1
3,8,Undirected,1776,,"<[2020.0, 2025.0]>",1
3,9,Undirected,1777,,"<[2020.0, 2025.0]>",1
3,10,Undirected,1778,,"<[2020.0, 2025.0]>",1
3,12,Undirected,1779,,"<[2020.0, 2025.0]>",1
3,14,Undirected,1780,,"<[2020.0, 2025.0]>",1
3,15,Undirected,1781,,"<[2020.0, 2025.0]>",1
3,19,Undirected,1784,,"<[2020.0, 2025.0]>",1
3,20,Undirected,1785,,"<[2020.0, 2025.0]>",1
3,22,Undirected,1786,,"<[2020.0, 2025.0]>",1
3,26,Undirected,1788,,"<[2020.0, 2025.0]>",1
3,27,Undirected,1789,,"<[2020.0, 2025.0]>",1
3,29,Undirected,1791,,"<[2020.0, 2025.0]>",1
3,32,Undirected,1792,,"<[2020.0, 2025.0]>",1
3,33,Undirected,1793,,"<[2020.0, 2025.0]>",1
3,34,Undirected,1794,,"<[2020.0, 2025.0]>",1
3,35,Undirected,1795,,"<[2020.0, 2025.0]>",1
3,39,Undirected,1797,,"<[2020.0, 2025.0]>",1
5,9,Undirected,1801,,"<[2020.0, 2025.0]>",1
5,10,Undirected,1802,,"<[2020.0, 2025.0]>",1
5,12,Undirected,1803,,"<[2020.0, 2025.0]>",1
5,13,Undirected,1804,,"<[2020.0, 2025.0]>",1
5,17,Undirected,1805,,"<[2020.0, 2025.0]>",1
5,18,Undirected,1806,,"<[2020.0, 2025.0]>",1
5,20,Undirected,1807,,"<[2020.0, 2025.0]>",1
5,25,Undirected,1808,,"<[2020.0, 2025.0]>",1
5,27,Undirected,1809,,"<[2020.0, 2025.0]>",1
5,28,Undirected,1810,,"<[2020.0, 2025.0]>",1
5,29,Undirected,1811,,"<[2020.0, 2025.0]>",1
5,32,Undirected,1812,,"<[2020.0, 2025.0]>",1
5,41,Undirected,1813,,"<[2020.0, 2025.0]>",1
5,42,Undirected,1814,,"<[2020.0, 2025.0]>",1
6,7,Undirected,1815,,"<[2020.0, 2025.0]>",1
6,8,Undirected,1816,,"<[2020.0, 2025.0]>",1
6,10,Undirected,1817,,"<[2020.0, 2025.0]>",1
6,12,Undirected,1818,,"<[2020.0, 2025.0]>",1
6,14,Undirected,1819,,"<[2020.0, 2025.0]>",1
6,15,Undirected,1820,,"<[2020.0, 2025.0]>",1
6,19,Undirected,1822,,"<[2020.0, 2025.0]>",1
6,22,Undirected,1823,,"<[2020.0, 2025.0]>",1
6,26,Undirected,1824,,"<[2020.0, 2025.0]>",1
6,29,Undirected,1825,,"<[2020.0, 2025.0]>",1
6,33,Undirected,1826,,"<[2020.0, 2025.0]>",1
6,34,Undirected,1827,,"<[2020.0, 2025.0]>",1
6,35,Undirected,1828,,"<[2020.0, 2025.0]>",1
6,39,Undirected,1829,,"<[2020.0, 2025.0]>",1
7,8,Undirected,1833,,"<[2020.0, 2025.0]>",1
7,10,Undirected,1834,,"<[2020.0, 2025.0]>",1
7,12,Undirected,1835,,"<[2020.0, 2025.0]>",1
7,14,Undirected,1836,,"<[2020.0, 2025.0]>",1
7,15,Undirected,1837,,"<[2020.0, 2025.0]>",1
7,17,Undirected,1838,,"<[2020.0, 2025.0]>",1
7,19,Undirected,1839,,"<[2020.0, 2025.0]>",1
7,22,Undirected,1840,,"<[2020.0, 2025.0]>",1
7,26,Undirected,1841,,"<[2020.0, 2025.0]>",1
7,29,Undirected,1842,,"<[2020.0, 2025.0]>",1
7,33,Undirected,1843,,"<[2020.0, 2025.0]>",1
7,34,Undirected,1844,,"<[2020.0, 2025.0]>",1
7,35,Undirected,1845,,"<[2020.0, 2025.0]>",1
7,39,Undirected,1846,,"<[2020.0, 2025.0]>",1
7,41,Undirected,1847,,"<[2020.0, 2025.0]>",1
8,10,Undirected,1850,,"<[2020.0, 2025.0]>",1
8,12,Undirected,1851,,"<[2020.0, 2025.0]>",1
8,14,Undirected,1852,,"<[2020.0, 2025.0]>",1
8,15,Undirected,1853,,"<[2020.0, 2025.0]>",1
8,17,Undirected,1854,,"<[2020.0, 2025.0]>",1
8,19,Undirected,1855,,"<[2020.0, 2025.0]>",1
8,20,Undirected,1856,,"<[2020.0, 2025.0]>",1
8,22,Undirected,1857,,"<[2020.0, 2025.0]>",1
8,26,Undirected,1858,,"<[2020.0, 2025.0]>",1
8,29,Undirected,1860,,"<[2020.0, 2025.0]>",1
8,33,Undirected,1861,,"<[2020.0, 2025.0]>",1
8,34,Undirected,1862,,"<[2020.0, 2025.0]>",1
8,35,Undirected,1863,,"<[2020.0, 2025.0]>",1
8,39,Undirected,1864,,"<[2020.0, 2025.0]>",1
8,41,Undirected,1865,,"<[2020.0, 2025.0]>",1
8,46,Undirected,1866,,"<[2020.0, 2025.0]>",1
8,42,Undirected,1867,,"<[2020.0, 2025.0]>",1
9,10,Undirected,1868,,"<[2020.0, 2025.0]>",1
9,12,Undirected,1869,,"<[2020.0, 2025.0]>",1
9,18,Undirected,1870,,"<[2020.0, 2025.0]>",1
9,25,Undirected,1871,,"<[2020.0, 2025.0]>",1
9,27,Undirected,1872,,"<[2020.0, 2025.0]>",1
9,28,Undirected,1873,,"<[2020.0, 2025.0]>",1
9,32,Undirected,1875,,"<[2020.0, 2025.0]>",1
10,12,Undirected,1877,,"<[2020.0, 2025.0]>",1
10,13,Undirected,1878,,"<[2020.0, 2025.0]>",1
10,14,Undirected,1879,,"<[2020.0, 2025.0]>",1
10,15,Undirected,1880,,"<[2020.0, 2025.0]>",1
10,18,Undirected,1882,,"<[2020.0, 2025.0]>",1
10,19,Undirected,1883,,"<[2020.0, 2025.0]>",1
10,20,Undirected,1884,,"<[2020.0, 2025.0]>",1
10,22,Undirected,1885,,"<[2020.0, 2025.0]>",1
10,26,Undirected,1887,,"<[2020.0, 2025.0]>",1
10,27,Undirected,1888,,"<[2020.0, 2025.0]>",1
10,28,Undirected,1889,,"<[2020.0, 2025.0]>",1
10,29,Undirected,1890,,"<[2020.0, 2025.0]>",1
10,32,Undirected,1891,,"<[2020.0, 2025.0]>",1
10,34,Undirected,1893,,"<[2020.0, 2025.0]>",1
10,35,Undirected,1894,,"<[2020.0, 2025.0]>",1
10,39,Undirected,1895,,"<[2020.0, 2025.0]>",1
10,41,Undirected,1896,,"<[2020.0, 2025.0]>",1
10,46,Undirected,1897,,"<[2020.0, 2025.0]>",1
11,16,Undirected,1899,,"<[2020.0, 2025.0]>",1
11,17,Undirected,1900,,"<[2020.0, 2025.0]>",1
11,22,Undirected,1901,,"<[2020.0, 2025.0]>",1
11,24,Undirected,1902,,"<[2020.0, 2025.0]>",1
11,25,Undirected,1903,,"<[2020.0, 2025.0]>",1
11,27,Undirected,1904,,"<[2020.0, 2025.0]>",1
11,38,Undirected,1905,,"<[2020.0, 2025.0]>",1
12,13,Undirected,1908,,"<[2020.0, 2025.0]>",1
12,14,Undirected,1909,,"<[2020.0, 2025.0]>",1
12,17,Undirected,1911,,"<[2020.0, 2025.0]>",1
12,18,Undirected,1912,,"<[2020.0, 2025.0]>",1
12,19,Undirected,1913,,"<[2020.0, 2025.0]>",1
12,20,Undirected,1914,,"<[2020.0, 2025.0]>",1
12,22,Undirected,1915,,"<[2020.0, 2025.0]>",1
12,25,Undirected,1916,,"<[2020.0, 2025.0]>",1
12,26,Undirected,1917,,"<[2020.0, 2025.0]>",1
12,27,Undirected,1918,,"<[2020.0, 2025.0]>",1
12,28,Undirected,1919,,"<[2020.0, 2025.0]>",1
12,29,Undirected,1920,,"<[2020.0, 2025.0]>",1
12,32,Undirected,1921,,"<[2020.0, 2025.0]>",1
12,33,Undirected,1922,,"<[2020.0, 2025.0]>",1
12,34,Undirected,1923,,"<[2020.0, 2025.0]>",1
12,35,Undirected,1924,,"<[2020.0, 2025.0]>",1
12,39,Undirected,1925,,"<[2020.0, 2025.0]>",1
12,41,Undirected,1926,,"<[2020.0, 2025.0]>",1
12,46,Undirected,1927,,"<[2020.0, 2025.0]>",1
12,42,Undirected,1928,,"<[2020.0, 2025.0]>",1
13,17,Undirected,1929,,"<[2020.0, 2025.0]>",1
13,18,Undirected,1930,,"<[2020.0, 2025.0]>",1
13,25,Undirected,1931,,"<[2020.0, 2025.0]>",1
13,27,Undirected,1932,,"<[2020.0, 2025.0]>",1
13,28,Undirected,1933,,"<[2020.0, 2025.0]>",1
13,29,Undirected,1934,,"<[2020.0, 2025.0]>",1
13,41,Undirected,1935,,"<[2020.0, 2025.0]>",1
13,42,Undirected,1936,,"<[2020.0, 2025.0]>",1
14,15,Undirected,1937,,"<[2020.0, 2025.0]>",1
14,17,Undirected,1938,,"<[2020.0, 2025.0]>",1
14,19,Undirected,1939,,"<[2020.0, 2025.0]>",1
14,22,Undirected,1940,,"<[2020.0, 2025.0]>",1
14,26,Undirected,1941,,"<[2020.0, 2025.0]>",1
14,29,Undirected,1942,,"<[2020.0, 2025.0]>",1
14,33,Undirected,1943,,"<[2020.0, 2025.0]>",1
14,34,Undirected,1944,,"<[2020.0, 2025.0]>",1
14,35,Undirected,1945,,"<[2020.0, 2025.0]>",1
14,39,Undirected,1946,,"<[2020.0, 2025.0]>",1
14,41,Undirected,1947,,"<[2020.0, 2025.0]>",1
14,46,Undirected,1948,,"<[2020.0, 2025.0]>",1
15,17,Undirected,1950,,"<[2020.0, 2025.0]>",1
15,19,Undirected,1951,,"<[2020.0, 2025.0]>",1
15,22,Undirected,1952,,"<[2020.0, 2025.0]>",1
15,26,Undirected,1953,,"<[2020.0, 2025.0]>",1
15,29,Undirected,1954,,"<[2020.0, 2025.0]>",1
15,33,Undirected,1955,,"<[2020.0, 2025.0]>",1
15,34,Undirected,1956,,"<[2020.0, 2025.0]>",1
15,35,Undirected,1957,,"<[2020.0, 2025.0]>",1
15,39,Undirected,1958,,"<[2020.0, 2025.0]>",1
15,41,Undirected,1959,,"<[2020.0, 2025.0]>",1
16,38,Undirected,1964,,"<[2020.0, 2025.0]>",1
17,19,Undirected,1967,,"<[2020.0, 2025.0]>",1
17,20,Undirected,1968,,"<[2020.0, 2025.0]>",1
17,23,Undirected,1970,,"<[2020.0, 2025.0]>",1
17,26,Undirected,1972,,"<[2020.0, 2025.0]>",1
17,29,Undirected,1975,,"<[2020.0, 2025.0]>",1
17,34,Undirected,1977,,"<[2020.0, 2025.0]>",1
17,35,Undirected,1978,,"<[2020.0, 2025.0]>",1
17,39,Undirected,1979,,"<[2020.0, 2025.0]>",1
18,25,Undirected,1984,,"<[2020.0, 2025.0]>",1
18,27,Undirected,1985,,"<[2020.0, 2025.0]>",1
18,29,Undirected,1987,,"<[2020.0, 2025.0]>",1
18,32,Undirected,1988,,"<[2020.0, 2025.0]>",1
19,22,Undirected,1991,,"<[2020.0, 2025.0]>",1
19,25,Undirected,1992,,"<[2020.0, 2025.0]>",1
19,26,Undirected,1993,,"<[2020.0, 2025.0]>",1
19,29,Undirected,1994,,"<[2020.0, 2025.0]>",1
19,33,Undirected,1995,,"<[2020.0, 2025.0]>",1
19,34,Undirected,1996,,"<[2020.0, 2025.0]>",1
19,35,Undirected,1997,,"<[2020.0, 2025.0]>",1
19,39,Undirected,1998,,"<[2020.0, 2025.0]>",1
19,41,Undirected,1999,,"<[2020.0, 2025.0]>",1
19,46,Undirected,2000,,"<[2020.0, 2025.0]>",1
19,42,Undirected,2001,,"<[2020.0, 2025.0]>",1
20,27,Undirected,2003,,"<[2020.0, 2025.0]>",1
20,28,Undirected,2004,,"<[2020.0, 2025.0]>",1
20,33,Undirected,2005,,"<[2020.0, 2025.0]>",1
20,36,Undirected,2006,,"<[2020.0, 2025.0]>",1
20,43,Undirected,2009,,"<[2020.0, 2025.0]>",1
20,45,Undirected,2010,,"<[2020.0, 2025.0]>",1
22,24,Undirected,2011,,"<[2020.0, 2025.0]>",1
22,26,Undirected,2012,,"<[2020.0, 2025.0]>",1
22,29,Undirected,2014,,"<[2020.0, 2025.0]>",1
22,34,Undirected,2016,,"<[2020.0, 2025.0]>",1
22,35,Undirected,2017,,"<[2020.0, 2025.0]>",1
22,39,Undirected,2018,,"<[2020.0, 2025.0]>",1
22,41,Undirected,2019,,"<[2020.0, 2025.0]>",1
22,46,Undirected,2020,,"<[2020.0, 2025.0]>",1
22,42,Undirected,2021,,"<[2020.0, 2025.0]>",1
23,42,Undirected,2022,,"<[2020.0, 2025.0]>",1
23,45,Undirected,2023,,"<[2020.0, 2025.0]>",1
24,27,Undirected,2024,,"<[2020.0, 2025.0]>",1
24,42,Undirected,2025,,"<[2020.0, 2025.0]>",1
25,29,Undirected,2028,,"<[2020.0, 2025.0]>",1
25,30,Undirected,2029,,"<[2020.0, 2025.0]>",1
25,32,Undirected,2030,,"<[2020.0, 2025.0]>",1
25,35,Undirected,2032,,"<[2020.0, 2025.0]>",1
25,36,Undirected,2033,,"<[2020.0, 2025.0]>",1
25,46,Undirected,2035,,"<[2020.0, 2025.0]>",1
25,45,Undirected,2037,,"<[2020.0, 2025.0]>",1
26,29,Undirected,2038,,"<[2020.0, 2025.0]>",1
26,33,Undirected,2039,,"<[2020.0, 2025.0]>",1
26,34,Undirected,2040,,"<[2020.0, 2025.0]>",1
26,35,Undirected,2041,,"<[2020.0, 2025.0]>",1
26,39,Undirected,2042,,"<[2020.0, 2025.0]>",1
26,41,Undirected,2043,,"<[2020.0, 2025.0]>",1
26,46,Undirected,2044,,"<[2020.0, 2025.0]>",1
26,42,Undirected,2045,,"<[2020.0, 2025.0]>",1
27,29,Undirected,2047,,"<[2020.0, 2025.0]>",1
27,32,Undirected,2048,,"<[2020.0, 2025.0]>",1
27,38,Undirected,2049,,"<[2020.0, 2025.0]>",1
27,41,Undirected,2050,,"<[2020.0, 2025.0]>",1
28,29,Undirected,2052,,"<[2020.0, 2025.0]>",1
28,30,Undirected,2053,,"<[2020.0, 2025.0]>",1
28,32,Undirected,2054,,"<[2020.0, 2025.0]>",1
29,32,Undirected,2061,,"<[2020.0, 2025.0]>",1
29,33,Undirected,2062,,"<[2020.0, 2025.0]>",1
29,34,Undirected,2063,,"<[2020.0, 2025.0]>",1
29,35,Undirected,2064,,"<[2020.0, 2025.0]>",1
29,39,Undirected,2065,,"<[2020.0, 2025.0]>",1
29,41,Undirected,2066,,"<[2020.0, 2025.0]>",1
30,42,Undirected,2069,,"<[2020.0, 2025.0]>",1
32,42,Undirected,2070,,"<[2020.0, 2025.0]>",1
33,34,Undirected,2071,,"<[2020.0, 2025.0]>",1
33,35,Undirected,2072,,"<[2020.0, 2025.0]>",1
33,39,Undirected,2073,,"<[2020.0, 2025.0]>",1
33,41,Undirected,2074,,"<[2020.0, 2025.0]>",1
33,46,Undirected,2075,,"<[2020.0, 2025.0]>",1
34,35,Undirected,2078,,"<[2020.0, 2025.0]>",1
34,39,Undirected,2079,,"<[2020.0, 2025.0]>",1
34,41,Undirected,2080,,"<[2020.0, 2025.0]>",1
34,46,Undirected,2081,,"<[2020.0, 2025.0]>",1
34,42,Undirected,2082,,"<[2020.0, 2025.0]>",1
35,39,Undirected,2083,,"<[2020.0, 2025.0]>",1
35,41,Undirected,2084,,"<[2020.0, 2025.0]>",1
35,46,Undirected,2085,,"<[2020.0, 2025.0]>",1
35,42,Undirected,2086,,"<[2020.0, 2025.0]>",1
38,42,Undirected,2088,,"<[2020.0, 2025.0]>",1
39,41,Undirected,2089,,"<[2020.0, 2025.0]>",1
39,46,Undirected,2090,,"<[2020.0, 2025.0]>",1
39,42,Undirected,2091,,"<[2020.0, 2025.0]>",1
42,45,Undirected,2095,,"<[2020.0, 2025.0]>",1
